File = D:\moldex3D\Ray_project_0802\Report\XYPlot\保壓-壓力-60-0.3.csv,,,,,,,,,,,,,,,,,,,,,,,,,,,,,,,,,,,,,,,,,,,,,,,,,,,,,,,
,,,,,,,,,,,,,,,,,,,,,,,,,,,,,,,,,,,,,,,,,,,,,,,,,,,,,,,
Title,保壓-壓力,,,,,,,,,,,,,,,,,,,,,,,,,,,,,,,,,,,,,,,,,,,,,,,,,,,,,,
組別 2 : Pp:60 MPa_Pt:0.3 s. (MPa),,,,,,,,,,,,,,,,,,,,,,,,,,,,,,,,,,,,,,,,,,,,,,,,,,,,,,,
Time (sec),runner_core ,Time (sec),SN18_core ,Time (sec),SN11_core ,Time (sec),SN4_core ,Time (sec),SN21 ,Time (sec),SN20 ,Time (sec),SN19 ,Time (sec),SN18 ,Time (sec),SN17 ,Time (sec),SN16 ,Time (sec),SN15 ,Time (sec),SN14 ,Time (sec),SN13 ,Time (sec),SN12 ,Time (sec),SN11 ,Time (sec),SN10 ,Time (sec),SN9 ,Time (sec),SN8 ,Time (sec),SN7 ,Time (sec),SN6 ,Time (sec),SN5 ,Time (sec),SN4 ,Time (sec),SN3 ,Time (sec),SN2 ,Time (sec),SN1 ,Time (sec),gate,Time (sec),runner ,Time (sec),sprue
0.324617,0.065602,1.49444,0.0121752,1.15298,0.340443,0.893909,0.0350729,1.69391,0.119072,1.69391,0.13458,1.69391,0.0972856,1.49444,0,1.33426,0.0190296,1.33426,0.0297587,1.33426,0.022682,1.23317,0.90724,1.23317,1.05919,1.23317,0.869819,1.15298,0.281201,1.08662,0.643889,1.08662,0.714303,1.08662,0.614368,1.02178,0.0123225,1.02178,0.00103206,1.04048,0.323544,0.893909,0.00185526,0.794699,0,0.764682,0.000951046,0.794699,0,0.731313,0.136698,0.341071,0.429197,0.0162608,1.83808
0.341071,0.429275,1.51019,0.077397,1.16899,1.84505,0.912688,0.283197,1.72373,0.300951,1.72373,0.290189,1.72373,0.292336,1.51019,0.0439202,1.35088,0.161475,1.35088,0.235563,1.35088,0.147914,1.25,2.45521,1.25,2.56107,1.25,2.42712,1.16899,1.83979,1.10501,2.52823,1.10501,2.58571,1.10501,2.50921,1.04048,0.338649,1.04048,0.395066,1.05747,0.693585,0.912688,0.282387,0.814262,0.324737,0.780476,0.334283,0.814262,0.324426,0.746142,0.44582,0.357575,0.771993,0.0332605,7.24406
0.357575,0.778289,1.52569,0.213511,1.18495,3.54384,0.926841,0.546576,1.73088,21.3925,1.73088,21.5445,1.73088,21.4113,1.52569,0.216011,1.36694,0.285524,1.36694,0.365062,1.36694,0.272095,1.26822,3.13532,1.26822,3.20244,1.26822,3.11451,1.18495,3.53793,1.12098,4.31409,1.12098,4.36609,1.12098,4.2974,1.05747,0.724633,1.05747,0.849406,1.07117,2.33271,0.926841,0.546316,0.82837,0.672603,0.794699,0.562835,0.82837,0.67026,0.764682,0.818436,0.374073,1.11087,0.0488853,10.1732
0.374073,1.11789,1.54098,0.331557,1.20102,5.47916,0.94105,0.814926,1.73909,33.6516,1.73909,33.6882,1.73909,33.643,1.54098,0.334173,1.38276,0.409271,1.38276,0.490919,1.38276,0.392456,1.28697,3.64269,1.28697,3.71023,1.28697,3.62215,1.20102,5.47268,1.13695,6.29974,1.13695,6.34351,1.13695,6.27994,1.07117,2.35931,1.07117,2.40599,1.08662,4.05514,0.94105,0.814637,0.84706,1.08153,0.814262,0.900121,0.84706,1.07344,0.780476,1.10934,0.390558,1.4517,0.0651393,11.0495
0.390558,1.45867,1.56391,0.516178,1.21714,7.63188,0.959991,1.19252,1.74854,44.1462,1.74854,44.1558,1.74854,44.1283,1.56391,0.518822,1.39846,0.535033,1.39846,0.619763,1.39846,0.512502,1.29785,3.97045,1.29785,4.04353,1.29785,3.94447,1.21714,7.6249,1.15298,8.50312,1.15298,8.54311,1.15298,8.48296,1.08662,4.07449,1.08662,4.09681,1.10501,6.22241,0.959991,1.19227,0.861093,1.38429,0.82837,1.17133,0.861093,1.37273,0.794699,1.34802,0.406984,1.79651,0.081894,11.9234
0.406984,1.80331,1.57927,0.639333,1.23317,9.98305,0.97424,1.48378,1.75941,52.6459,1.75941,52.6535,1.75941,52.6319,1.57927,0.641977,1.41403,0.66819,1.41403,0.757039,1.41403,0.642512,1.31802,4.56107,1.31802,4.66182,1.31802,4.53299,1.23317,9.97568,1.16899,10.8875,1.16899,10.9218,1.16899,10.866,1.10501,6.23864,1.10501,6.25366,1.12098,8.29393,0.97424,1.48354,0.87986,1.79421,0.84706,1.53764,0.87986,1.78603,0.814262,1.73685,0.423395,2.13877,0.097678,12.6661
0.423395,2.14531,1.59459,0.75072,1.25,12.5313,0.993246,1.88912,1.7719,58.0832,1.7719,58.0946,1.7719,58.0718,1.59459,0.753365,1.42942,0.775446,1.42942,0.870499,1.42942,0.749285,1.33426,5.00886,1.33426,5.11278,1.33426,4.97933,1.25,12.5236,1.18495,13.4288,1.18495,13.458,1.18495,13.406,1.12098,8.30937,1.12098,8.32151,1.13695,10.5461,0.993246,1.88893,0.893909,2.10654,0.861093,1.82489,0.893909,2.09523,0.82837,2.04012,0.439865,2.46388,0.114165,13.2605
0.439865,2.47006,1.61076,0.889827,1.26822,14.3306,1.00752,2.20495,1.78628,60.963,1.78628,60.9749,1.78628,60.9549,1.61076,0.892563,1.4453,0.892554,1.4453,0.993544,1.4453,0.863761,1.35088,5.41804,1.35088,5.53222,1.35088,5.391,1.26822,14.3226,1.20102,16.1295,1.20102,16.155,1.20102,16.1067,1.13695,10.5616,1.13695,10.5706,1.15298,12.9934,1.00752,2.20478,0.912688,2.53148,0.87986,2.22698,0.912688,2.51933,0.84706,2.43917,0.45423,2.76845,0.129752,13.6938
0.45423,2.77433,1.62626,1.01979,1.28697,15.8729,1.02178,2.52952,1.8028,62.1638,1.8028,62.1737,1.8028,62.1584,1.62626,1.02255,1.46155,1.00483,1.46155,1.11021,1.46155,0.976089,1.36694,5.75286,1.36694,5.87902,1.36694,5.72391,1.28697,15.8647,1.21714,18.9774,1.21714,18.998,1.21714,18.9543,1.15298,13.0087,1.15298,13.0144,1.16899,15.5902,1.02178,2.52936,0.926841,2.86254,0.893909,2.53639,0.926841,2.85019,0.861093,2.74791,0.470886,3.06697,0.145946,14.0546
0.470886,3.07259,1.69391,1.64762,1.29785,16.7893,1.04048,2.97617,1.82181,62.4342,1.82181,62.4432,1.82181,62.4307,1.69391,1.6506,1.4779,1.14098,1.4779,1.25278,1.4779,1.10895,1.38276,6.04968,1.38276,6.1887,1.38276,6.01805,1.29785,16.7809,1.23317,21.9421,1.23317,21.9568,1.23317,21.9194,1.16899,15.6054,1.16899,15.6071,1.18495,18.3103,1.04048,2.97602,0.94105,3.20122,0.912688,2.96127,0.94105,3.18791,0.87986,3.17614,0.487274,3.20858,0.165381,14.309
0.487274,3.21398,1.72373,1.63179,1.31802,18.3013,1.05747,3.45848,1.84366,62.2623,1.84366,62.2705,1.84366,62.2608,1.72373,1.63437,1.49444,1.29357,1.49444,1.41519,1.49444,1.25649,1.39846,6.31998,1.39846,6.47173,1.39846,6.28484,1.31802,18.2926,1.25,25.1165,1.25,25.1228,1.25,25.0946,1.18495,18.3252,1.18495,18.3226,1.20102,21.166,1.05747,3.45829,0.959991,3.66929,0.926841,3.29429,0.959991,3.65438,0.893909,3.50306,0.504933,3.63437,0.179499,14.4332
0.504933,3.6394,1.73088,19.1325,1.33426,19.3688,1.07117,5.0878,1.8688,61.7898,1.8688,61.7981,1.8688,61.7894,1.73088,19.123,1.51019,1.44984,1.51019,1.5822,1.51019,1.41117,1.41403,6.57318,1.41403,6.73816,1.41403,6.53498,1.33426,19.36,1.26822,27.6906,1.26822,27.6876,1.26822,27.6708,1.20102,21.1804,1.20102,21.173,1.21714,24.1497,1.07117,5.08758,0.97424,4.02807,0.94105,3.6358,0.97424,4.01257,0.912688,3.94856,0.519645,3.84027,0.196851,14.5923
0.519645,3.84508,1.73909,33.4938,1.35088,20.3079,1.08662,6.8367,1.8977,61.0893,1.8977,61.098,1.8977,61.0894,1.73909,33.4869,1.52569,1.59804,1.52569,1.74063,1.52569,1.55559,1.42942,6.77856,1.42942,6.95537,1.42942,6.73878,1.35088,20.299,1.28697,29.8306,1.28697,29.8148,1.28697,29.8131,1.21714,24.1634,1.21714,24.151,1.23317,27.232,1.08662,6.8365,0.993246,4.5224,0.959991,4.10838,0.993246,4.50616,0.926841,4.29625,0.535715,4.12709,0.213739,14.7926
0.535715,4.13161,1.74854,44.3711,1.36694,21.0777,1.10501,9.0629,1.93094,60.1976,1.93094,60.2071,1.93094,60.1979,1.74854,44.3645,1.54098,1.74518,1.54098,1.89778,1.54098,1.70017,1.4453,6.97409,1.4453,7.16374,1.4453,6.93205,1.36694,21.0688,1.29785,31.0859,1.29785,31.0604,1.29785,31.0701,1.23317,27.2448,1.23317,27.2268,1.25,30.5362,1.10501,9.0627,1.00752,4.9035,0.97424,4.47152,1.00752,4.88699,0.94105,4.65206,0.551561,4.44992,0.229125,15.2426
0.551561,4.4542,1.75941,52.8558,1.38276,21.728,1.12098,11.2166,1.96917,59.1494,1.96917,59.1592,1.96917,59.1496,1.75941,52.8504,1.56391,1.96471,1.56391,2.13271,1.56391,1.91567,1.46155,7.14912,1.46155,7.35043,1.46155,7.10627,1.38276,21.719,1.31802,33.1343,1.31802,33.092,1.31802,33.1209,1.25,30.548,1.25,30.5237,1.26822,33.3157,1.12098,11.2164,1.02178,5.29201,0.993246,4.97206,1.02178,5.2753,0.959991,5.14193,0.567506,4.76259,0.243756,15.838
0.567506,4.76666,1.7719,58.3334,1.39846,22.2856,1.13695,13.5549,2.01313,57.9589,2.01313,57.9685,2.01313,57.959,1.7719,58.3299,1.57927,2.11058,1.57927,2.28869,1.57927,2.05941,1.4779,7.33461,1.4779,7.54828,1.4779,7.28926,1.39846,22.2765,1.33426,34.5059,1.33426,34.4491,1.33426,34.4953,1.26822,33.3261,1.26822,33.2964,1.28697,35.5904,1.13695,13.5547,1.04048,5.82025,1.00752,5.35819,1.04048,5.80324,0.97424,5.5175,0.585496,5.13154,0.260396,16.3579
0.585496,5.13545,1.78628,61.1622,1.41403,22.7674,1.15298,16.0868,2.01313,57.9589,2.01313,57.9685,2.01313,57.959,1.78628,61.1596,1.59459,2.23282,1.59459,2.41313,1.59459,2.18219,1.49444,7.52701,1.49444,7.75428,1.49444,7.47803,1.41403,22.7584,1.35088,35.6711,1.35088,35.5963,1.35088,35.6643,1.28697,35.599,1.28697,35.562,1.29785,36.9231,1.15298,16.0867,1.05747,6.35763,1.02178,5.75177,1.05747,6.3397,0.993246,6.03353,0.601526,5.46241,0.277005,16.7296
0.601526,5.46622,1.8028,62.3145,1.42942,23.1667,1.16899,18.7643,2.03192,57.4502,2.03192,57.4601,2.03192,57.4502,1.8028,62.3124,1.61076,2.39352,1.61076,2.59043,1.61076,2.33885,1.51019,7.71463,1.51019,7.95572,1.51019,7.66317,1.42942,23.1576,1.36694,36.6228,1.36694,36.5298,1.36694,36.6197,1.29785,36.9305,1.29785,36.888,1.31802,39.1075,1.16899,18.7642,1.07117,7.98586,1.04048,6.28668,1.07117,7.96731,1.00752,6.43055,0.617483,5.81122,0.29362,17.004
0.617483,5.81494,1.82181,62.5495,1.4453,23.5117,1.18495,21.5582,2.05353,56.872,2.05353,56.8819,2.05353,56.8721,1.82181,62.5474,1.62626,2.53652,1.62626,2.73739,1.62626,2.48179,1.52569,7.88793,1.52569,8.1422,1.52569,7.83321,1.4453,23.5026,1.38276,37.4133,1.38276,37.3013,1.38276,37.414,1.31802,39.1129,1.31802,39.061,1.33426,40.5472,1.18495,21.5581,1.08662,9.75838,1.05747,6.82884,1.08662,9.74063,1.02178,6.83447,0.634436,6.10971,0.308116,17.2137
0.634436,6.1134,1.84366,62.3201,1.46155,23.8059,1.20102,24.484,2.07838,56.2158,2.07838,56.2255,2.07838,56.2159,1.84366,62.3176,1.69391,3.23026,1.69391,3.49025,1.69391,3.16407,1.54098,8.05507,1.54098,8.32221,1.54098,7.9976,1.46155,23.7968,1.39846,38.0814,1.39846,37.9497,1.39846,38.0859,1.33426,40.5508,1.33426,40.4901,1.35088,41.7664,1.20102,24.4839,1.10501,12.0244,1.07117,8.45387,1.10501,12.0075,1.04048,7.38205,0.648746,6.27266,0.324617,17.4671
0.648746,6.27637,1.8688,61.8139,1.4779,24.0703,1.21714,27.5359,2.10695,55.4729,2.10695,55.4825,2.10695,55.473,1.8688,61.8109,1.72373,3.06795,1.72373,3.32057,1.72373,3.00758,1.56391,8.29653,1.56391,8.5823,1.56391,8.23493,1.4779,24.0611,1.41403,38.6484,1.41403,38.4958,1.41403,38.6569,1.35088,41.7675,1.35088,41.6965,1.36694,42.7641,1.21714,27.5358,1.12098,14.2358,1.08662,10.227,1.12098,14.2194,1.05747,7.93079,0.667045,6.49403,0.341071,17.7672
0.667045,6.49779,1.8977,61.1021,1.49444,24.3141,1.23317,30.684,2.13982,54.6348,2.13982,54.6447,2.13982,54.635,1.8977,61.099,1.73088,18.4919,1.73088,18.615,1.73088,18.4755,1.57927,8.45189,1.57927,8.7497,1.57927,8.38797,1.49444,24.3049,1.42942,39.1236,1.42942,38.951,1.42942,39.1358,1.36694,42.7629,1.36694,42.6819,1.38276,43.5918,1.23317,30.6839,1.13695,16.6363,1.10501,12.4961,1.13695,16.6201,1.07117,9.54019,0.682719,6.694,0.357575,18.1216
0.682719,6.69774,1.93094,60.2139,1.51019,24.5394,1.25,34.0707,2.17761,53.6953,2.17761,53.7054,2.17761,53.6956,1.93094,60.2108,1.73909,33.5476,1.73909,33.6489,1.73909,33.5282,1.59459,8.57748,1.59459,8.88377,1.59459,8.51281,1.51019,24.5302,1.4453,39.5242,1.4453,39.3288,1.4453,39.5405,1.38276,43.5881,1.38276,43.4964,1.39846,44.2912,1.25,34.0707,1.15298,19.229,1.12098,14.713,1.15298,19.2131,1.08662,11.3086,0.698121,7.76256,0.374073,18.5125
0.698121,7.76591,1.96917,59.1731,1.52569,24.7421,1.26822,37.0065,2.22108,52.6471,2.22108,52.6564,2.22108,52.6472,1.96917,59.1693,1.74854,44.6323,1.74854,44.7274,1.74854,44.6113,1.61076,8.73992,1.61076,9.05919,1.61076,8.67225,1.52569,24.7329,1.46155,39.8655,1.46155,39.6464,1.46155,39.8862,1.39846,44.2851,1.39846,44.1822,1.41403,44.8848,1.26822,37.0066,1.16899,21.9627,1.13695,17.1196,1.16899,21.947,1.10501,13.5794,0.715219,7.34783,0.390558,18.9174
0.715219,7.35107,2.01313,57.9872,1.54098,24.9291,1.28697,39.4027,2.27106,51.4817,2.27106,51.4911,2.27106,51.4819,2.01313,57.9824,1.75941,53.1065,1.75941,53.1904,1.75941,53.0868,1.62626,8.87694,1.62626,9.20557,1.62626,8.80809,1.54098,24.9199,1.4779,40.1555,1.4779,39.9109,1.4779,40.1812,1.41403,44.876,1.41403,44.7615,1.42942,45.3852,1.28697,39.4029,1.18495,24.8068,1.15298,19.7185,1.18495,24.7913,1.12098,15.8066,0.731313,7.97624,0.406984,19.3186
0.731313,7.97951,2.01313,57.9872,1.56391,25.1863,1.29785,40.7969,2.32854,50.2006,2.32854,50.2099,2.32854,50.2008,2.01313,57.9824,1.7719,58.6394,1.7719,58.7269,1.7719,58.617,1.69391,9.52103,1.69391,9.90893,1.69391,9.44108,1.56391,25.177,1.49444,40.4221,1.49444,40.1482,1.49444,40.4534,1.42942,45.3743,1.42942,45.249,1.4453,45.8066,1.29785,40.7971,1.20102,27.7791,1.16899,22.4579,1.20102,27.7638,1.13695,18.2251,0.746142,8.33951,0.423395,19.7089
0.746142,8.34269,2.03192,57.48,1.57927,25.343,1.31802,43.0964,2.39177,48.8594,2.39177,48.8677,2.39177,48.8595,2.03192,57.4747,1.78628,61.4021,1.78628,61.4675,1.78628,61.3846,1.72373,9.07648,1.72373,9.46261,1.72373,9.00162,1.57927,25.3337,1.51019,40.6674,1.51019,40.3655,1.51019,40.7042,1.4453,45.793,1.4453,45.655,1.46155,46.1673,1.31802,43.0967,1.21714,30.8748,1.18495,25.3069,1.21714,30.8598,1.15298,20.8348,0.764682,8.76353,0.439865,20.0863
0.764682,8.76667,2.05353,56.9003,1.59459,25.4694,1.33426,44.6066,2.46132,47.4538,2.46132,47.4616,2.46132,47.4539,2.05353,56.895,1.8028,62.4977,1.8028,62.5486,1.8028,62.4842,1.73088,22.4202,1.73088,22.841,1.73088,22.3103,1.59459,25.4601,1.52569,40.8973,1.52569,40.5663,1.52569,40.9397,1.46155,46.1511,1.46155,45.9999,1.4779,46.4712,1.33426,44.6069,1.23317,34.0661,1.20102,28.2835,1.23317,34.0513,1.16899,23.5829,0.780476,9.16869,0.45423,20.4016
0.780476,9.17182,2.07838,56.2417,1.61076,25.6052,1.35088,45.9007,2.53782,45.9866,2.53782,45.9936,2.53782,45.9866,2.07838,56.2363,1.82181,62.6862,1.82181,62.7266,1.82181,62.6755,1.73909,36.6566,1.73909,37.0269,1.73909,36.5488,1.61076,25.5959,1.54098,41.1115,1.54098,40.7511,1.54098,41.1593,1.4779,46.4519,1.4779,46.2867,1.49444,46.7506,1.35088,45.901,1.25,37.5072,1.21714,31.3832,1.25,37.4928,1.18495,26.4384,0.794699,9.49657,0.470886,20.76
0.794699,9.49972,2.10695,55.4961,1.62626,25.721,1.36694,46.959,2.62198,44.4589,2.62198,44.4653,2.62198,44.4591,2.10695,55.4907,1.84366,62.3669,1.84366,62.389,1.84366,62.362,1.74854,47.5219,1.74854,47.8435,1.74854,47.4255,1.62626,25.7116,1.56391,41.4128,1.56391,41.0064,1.56391,41.469,1.49444,46.7271,1.49444,46.5457,1.51019,47.0077,1.36694,46.9594,1.26822,40.568,1.23317,34.5783,1.26822,40.5539,1.20102,29.4204,0.814262,9.9695,0.487274,21.0868
0.814262,9.97267,2.13982,54.6563,1.69391,26.1867,1.38276,47.8401,2.71455,42.8743,2.71455,42.8808,2.71455,42.8743,2.13982,54.6514,1.8688,61.8013,1.8688,61.8115,1.8688,61.8002,1.75941,55.7878,1.75941,56.0694,1.75941,55.7014,1.69391,26.1773,1.57927,41.5997,1.57927,41.1612,1.57927,41.6615,1.51019,46.9806,1.51019,46.785,1.52569,47.2509,1.38276,47.8406,1.28697,43.0599,1.25,38.0238,1.28697,43.0461,1.21714,32.5247,0.82837,10.3606,0.504933,21.3573
0.82837,10.3638,2.17761,53.7155,1.72373,25.0418,1.39846,48.5887,2.81638,41.2244,2.81638,41.2301,2.81638,41.2244,2.17761,53.7111,1.8977,61.0612,1.8977,61.0664,1.8977,61.0624,1.7719,60.8289,1.7719,61.049,1.7719,60.7607,1.72373,25.0327,1.59459,41.7599,1.59459,41.2908,1.59459,41.827,1.52569,47.2202,1.52569,47.0098,1.54098,47.478,1.39846,48.5892,1.29785,44.5001,1.26822,41.097,1.29785,44.4867,1.23317,35.7247,0.84706,10.8245,0.519645,21.6017
0.84706,10.8277,2.22108,52.6646,1.73088,34.258,1.41403,49.2287,2.92839,39.5105,2.92839,39.5156,2.92839,39.5103,2.22108,52.6605,1.93094,60.1691,1.93094,60.1732,1.93094,60.1707,1.78628,63.0921,1.78628,63.2601,1.78628,63.0403,1.73088,34.2511,1.61076,41.9166,1.61076,41.4109,1.61076,41.9901,1.54098,47.4436,1.54098,47.2188,1.56391,47.7983,1.41403,49.2293,1.31802,46.8862,1.28697,43.5984,1.31802,46.8736,1.25,39.1788,0.861093,11.1815,0.535715,21.8793
0.861093,11.1847,2.27106,51.4989,1.73909,46.0857,1.42942,49.7708,3.05161,37.7304,3.05161,37.7354,3.05161,37.7302,2.27106,51.4951,1.96917,59.1319,1.96917,59.1313,1.96917,59.133,1.8028,63.8184,1.8028,63.9617,1.8028,63.7743,1.73909,46.08,1.62626,42.0572,1.62626,41.518,1.62626,42.1362,1.56391,47.7583,1.56391,47.5117,1.57927,47.9971,1.42942,49.7715,1.33426,48.4449,1.29785,45.0428,1.33426,48.433,1.26822,42.2863,0.87986,11.6719,0.551561,22.1821
0.87986,11.6751,2.32854,50.2185,1.74854,56.1105,1.4453,50.2327,3.18714,35.8758,3.18714,35.8805,3.18714,35.8759,2.32854,50.2147,2.01313,57.9569,2.01313,57.9624,2.01313,57.9573,1.82181,63.7396,1.82181,63.8814,1.82181,63.6934,1.74854,56.1054,1.69391,42.6082,1.69391,41.9024,1.69391,42.7148,1.57927,47.9533,1.57927,47.6917,1.59459,48.1702,1.4453,50.2333,1.35088,49.7875,1.31802,47.4366,1.35088,49.7765,1.28697,44.8112,0.893909,12.0447,0.567506,22.5291
0.893909,12.0479,2.39177,48.8764,1.75941,63.7446,1.46155,50.6316,3.33623,33.9471,3.33623,33.9519,3.33623,33.9471,2.39177,48.8727,2.01313,57.9569,2.01313,57.9624,2.01313,57.9573,1.84366,63.1893,1.84366,63.3481,1.84366,63.134,1.75941,63.7399,1.72373,40.894,1.72373,40.137,1.72373,41.0092,1.59459,48.1236,1.59459,47.849,1.61076,48.3345,1.46155,50.6324,1.36694,50.8856,1.33426,48.9986,1.36694,50.8755,1.29785,46.2642,0.912688,12.5424,0.585496,22.9514
0.912688,12.5455,2.46132,47.4699,1.7719,67.2017,1.4779,50.9717,3.50023,31.9193,3.50023,31.9237,3.50023,31.9193,2.46132,47.4662,2.03192,57.4509,2.03192,57.4549,2.03192,57.4512,1.8688,62.3697,1.8688,62.5767,1.8688,62.2979,1.7719,67.1982,1.73088,46.4441,1.73088,45.8739,1.73088,46.5125,1.61076,48.283,1.61076,47.9905,1.62626,48.4831,1.4779,50.9725,1.38276,51.8011,1.35088,50.3438,1.38276,51.7921,1.31802,48.6752,0.926841,12.9244,0.601526,23.3403
0.926841,12.9275,2.53782,46.002,1.78628,68.0364,1.49444,51.2821,3.68062,29.7879,3.68062,29.7926,3.68062,29.7877,2.53782,45.9985,2.05353,56.869,2.05353,56.8718,2.05353,56.8696,1.8977,61.3313,1.8977,61.6133,1.8977,61.2374,1.78628,68.0337,1.73909,55.7077,1.73909,55.2914,1.73909,55.7388,1.62626,48.4285,1.62626,48.122,1.69391,49.051,1.49444,51.2829,1.39846,52.5805,1.36694,51.4442,1.39846,52.5725,1.33426,50.2434,0.94105,13.3169,0.617483,23.7268
0.94105,13.3199,2.62198,44.4743,1.8028,67.8008,1.51019,51.5692,3.87906,27.5461,3.87906,27.5512,3.87906,27.5461,2.62198,44.4709,2.07838,56.2068,2.07838,56.2082,2.07838,56.2078,1.93094,60.0483,1.93094,60.4379,1.93094,59.9136,1.8028,67.7985,1.74854,64.7049,1.74854,64.3559,1.74854,64.7202,1.69391,48.9772,1.69391,48.5967,1.72373,47.0837,1.51019,51.57,1.41403,53.249,1.38276,52.3615,1.41403,53.2421,1.35088,51.5957,0.959991,13.8479,0.634436,24.131
0.959991,13.8509,2.71455,42.8899,1.82181,67.1364,1.52569,51.8413,4.09734,25.1869,4.09734,25.1915,4.09734,25.187,2.71455,42.8867,2.10695,55.4562,2.10695,55.4563,2.10695,55.4575,1.96917,58.4418,1.96917,58.9567,1.96917,58.2923,1.82181,67.1341,1.75941,71.6382,1.75941,71.3257,1.75941,71.6506,1.72373,47.0055,1.72373,46.6049,1.73088,51.4155,1.52569,51.8422,1.42942,53.8176,1.39846,53.1424,1.42942,53.8119,1.36694,52.7009,0.97424,14.2548,0.648746,24.4381
0.97424,14.2579,2.81638,41.2413,1.84366,66.2648,1.54098,52.0962,4.3178,22.897,4.3178,22.9017,4.3178,22.8972,2.81638,41.2384,2.13982,54.6112,2.13982,54.6097,2.13982,54.6129,2.01313,56.5505,2.01313,57.0638,2.01313,56.4259,1.84366,66.2622,1.7719,73.4488,1.7719,73.1813,1.7719,73.473,1.73088,51.3584,1.73088,51.0393,1.73909,59.6322,1.54098,52.0971,1.4453,54.3049,1.41403,53.8122,1.4453,54.3004,1.38276,53.6222,0.993246,14.8102,0.667045,24.7372
0.993246,14.8132,2.92839,39.528,1.8688,65.239,1.56391,52.4564,4.54047,20.6714,4.54047,20.6755,4.54047,20.6714,2.92839,39.5253,2.17761,53.6651,2.17761,53.6627,2.17761,53.6676,2.01313,56.5505,2.01313,57.0638,2.01313,56.4259,1.8688,65.2359,1.78628,72.9143,1.78628,72.6953,1.78628,72.9413,1.73909,59.5945,1.73909,59.3517,1.74854,68.1397,1.56391,52.4574,1.46155,54.728,1.42942,54.3827,1.46155,54.7249,1.39846,54.4062,1.00752,15.2363,0.682719,24.9282
1.00752,15.2393,3.05161,37.748,1.8977,64.0435,1.57927,52.6802,4.76537,18.5031,4.76537,18.507,4.76537,18.5035,3.05161,37.7457,2.22108,52.6148,2.22108,52.611,2.22108,52.6169,2.03192,55.7419,2.03192,56.236,2.03192,55.6747,1.8977,64.0398,1.8028,71.8051,1.8028,71.6267,1.8028,71.8298,1.74854,68.1098,1.74854,67.9016,1.75941,74.7123,1.57927,52.6813,1.4779,55.0905,1.4453,54.8713,1.4779,55.0888,1.41403,55.0789,1.02178,15.6689,0.698121,25.1042
1.02178,15.6718,3.18714,35.8945,1.93094,62.6542,1.59459,52.8811,4.99251,16.3876,4.99251,16.3906,4.99251,16.3876,3.18714,35.8929,2.27106,51.4473,2.27106,51.4428,2.27106,51.4499,2.05353,54.9309,2.05353,55.4562,2.05353,54.9079,1.93094,62.6498,1.82181,70.6536,1.82181,70.5081,1.82181,70.6716,1.75941,74.6851,1.75941,74.4997,1.7719,75.7735,1.59459,52.8822,1.49444,55.4212,1.46155,55.2958,1.49444,55.4211,1.42942,55.6523,1.04048,16.2493,0.715219,25.6494
1.04048,16.2523,3.33623,33.9658,1.96917,61.021,1.61076,53.064,5.22192,14.3197,5.22192,14.3225,5.22192,14.3203,3.33623,33.9652,2.32854,50.169,2.32854,50.1643,2.32854,50.1713,2.07838,54.1066,2.07838,54.6152,2.07838,54.0597,1.96917,61.0158,1.84366,69.5793,1.84366,69.4659,1.84366,69.5864,1.7719,75.7459,1.7719,75.5997,1.78628,74.7029,1.61076,53.0651,1.51019,55.7285,1.4779,55.6595,1.51019,55.7297,1.4453,56.1435,1.05747,16.7911,0.731313,26.0239
1.05747,16.794,3.50023,31.9388,2.01313,59.0906,1.62626,53.2352,5.45363,12.2946,5.45363,12.2969,5.45363,12.2954,3.50023,31.9389,2.39177,48.8329,2.39177,48.8293,2.39177,48.8349,2.10695,53.1809,2.10695,53.6679,2.10695,52.9505,2.01313,59.0849,1.8688,68.4995,1.8688,68.4174,1.8688,68.4947,1.78628,74.6779,1.78628,74.5628,1.8028,73.2833,1.62626,53.2364,1.52569,56.0221,1.49444,55.9907,1.52569,56.0246,1.46155,56.5705,1.07117,17.9175,0.746142,26.4015
1.07117,17.9209,3.68062,29.8082,2.01313,59.0906,1.69391,53.8669,5.68766,10.3107,5.68766,10.312,5.68766,10.3114,3.68062,29.8087,2.46132,47.4301,2.46132,47.4264,2.46132,47.4318,2.13982,51.9935,2.13982,52.5897,2.13982,51.8283,2.01313,59.0849,1.8977,67.3379,1.8977,67.2842,1.8977,67.3225,1.8028,73.2614,1.8028,73.1675,1.82181,71.9859,1.69391,53.8682,1.54098,56.2988,1.51019,56.2989,1.54098,56.3027,1.4779,56.9363,1.08662,19.52,0.764682,26.9063
1.08662,19.5231,3.87906,27.5681,2.03192,58.1578,1.72373,51.6835,5.92402,8.36608,5.92402,8.36618,5.92402,8.3672,3.87906,27.5692,2.53782,45.9649,2.53782,45.9611,2.53782,45.9668,2.17761,50.7248,2.17761,51.3686,2.17761,50.5618,2.03192,58.1519,1.93094,66.0546,1.93094,66.0254,1.93094,66.0291,1.82181,71.9667,1.82181,71.887,1.84366,70.8884,1.72373,51.685,1.56391,56.6924,1.52569,56.5935,1.56391,56.6983,1.49444,57.2689,1.10501,21.7905,0.780476,27.3341
1.10501,21.794,4.09734,25.2104,2.05353,57.0376,1.73088,55.1087,6.16275,6.45853,6.16275,6.45748,6.16275,6.45942,4.09734,25.2125,2.62198,44.4407,2.62198,44.437,2.62198,44.4423,2.22108,49.3147,2.22108,49.9998,2.22108,49.1383,2.05353,57.0319,1.96917,64.6103,1.96917,64.6047,1.96917,64.5768,1.84366,70.8724,1.84366,70.8035,1.8688,69.8486,1.73088,55.1093,1.57927,56.9385,1.54098,56.8714,1.57927,56.9458,1.51019,57.5794,1.12098,24.1531,0.794699,27.7221
1.12098,24.157,4.3178,22.9224,2.07838,55.7399,1.73909,62.5188,6.40387,4.58668,6.40387,4.58471,6.40387,4.58831,4.3178,22.9255,2.71455,42.8602,2.71455,42.8569,2.71455,42.8618,2.27106,47.739,2.27106,48.4702,2.27106,47.5398,2.07838,55.7347,2.01313,62.9721,2.01313,62.979,2.01313,62.9462,1.8688,69.8353,1.8688,69.774,1.8977,68.7616,1.73909,62.5183,1.59459,57.1626,1.56391,57.2666,1.59459,57.1711,1.52569,57.877,1.13695,26.7301,0.814262,28.2398
1.13695,26.7343,4.54047,20.6979,2.10695,54.2687,1.74854,70.553,6.6474,2.74912,6.6474,2.74582,6.6474,2.75088,4.54047,20.7021,2.81638,41.2163,2.81638,41.2135,2.81638,41.2177,2.32854,45.9746,2.32854,46.7802,2.32854,45.7443,2.10695,54.2643,2.01313,62.9721,2.01313,62.979,2.01313,62.9462,1.8977,68.7494,1.8977,68.6933,1.93094,67.5741,1.74854,70.5521,1.61076,57.3653,1.57927,57.5136,1.61076,57.3756,1.54098,58.1583,1.15298,29.4626,0.82837,28.608
1.15298,29.4672,4.76537,18.5308,2.13982,52.605,1.75941,76.7354,6.89336,0.94597,6.89336,0.940846,6.89336,0.947654,4.76537,18.5361,2.92839,39.5074,2.92839,39.5052,2.92839,39.5088,2.39177,44.0496,2.39177,45.2883,2.39177,43.7965,2.13982,52.6018,2.03192,62.2253,2.03192,62.2514,2.03192,62.2608,1.93094,67.5624,1.93094,67.5098,1.96917,66.2485,1.75941,76.7346,1.62626,57.5565,1.59459,57.7392,1.62626,57.568,1.56391,58.559,1.16899,32.2815,0.84706,29.1115
1.16899,32.2863,4.99251,16.4156,2.17761,50.7013,1.7719,77.1704,7.14179,0,7.14179,0,7.14179,0,4.99251,16.4221,3.05161,37.7317,3.05161,37.7296,3.05161,37.7329,2.46132,41.9359,2.46132,43.1243,2.46132,41.6665,2.17761,50.7004,2.05353,61.4408,2.05353,61.4092,2.05353,61.4146,1.96917,66.2361,1.96917,66.1862,2.01313,64.7365,1.7719,77.1708,1.69391,58.2629,1.61076,57.9419,1.69391,58.2808,1.57927,58.8097,1.18495,35.1676,0.861093,29.4914
1.18495,35.1727,5.22192,14.3481,2.22108,48.4684,1.78628,75.7287,7.39269,0,7.39269,0,7.39269,0,5.22192,14.3559,3.18714,35.8831,3.18714,35.8807,3.18714,35.8841,2.53782,39.6407,2.53782,40.8558,2.53782,39.366,2.22108,48.472,2.07838,60.4223,2.07838,60.4351,2.07838,60.378,2.01313,64.7241,2.01313,64.6755,2.01313,64.7365,1.78628,75.7296,1.72373,55.8711,1.62626,58.1339,1.72373,55.8913,1.59459,59.0393,1.20102,38.1595,0.87986,29.9997
1.20102,38.165,5.45363,12.3241,2.27106,45.7541,1.8028,74.1051,7.64611,0,7.64611,0,7.64611,0,5.45363,12.3332,3.33623,33.9589,3.33623,33.9564,3.33623,33.96,2.62198,37.1805,2.62198,38.4321,2.62198,36.9134,2.27106,45.7668,2.10695,59.328,2.10695,59.3015,2.10695,59.2281,2.01313,64.7241,2.01313,64.6755,2.03192,64.1032,1.8028,74.1061,1.73088,58.5462,1.69391,58.8399,1.73088,58.5541,1.61076,59.2447,1.21714,41.2664,0.893909,30.383
1.21714,41.2723,5.68766,10.3413,2.32854,42.5631,1.82181,72.7078,7.90206,0,7.90206,0,7.90206,0,5.68766,10.3516,3.50023,31.9361,3.50023,31.9324,3.50023,31.9373,2.71455,34.5867,2.71455,35.809,2.71455,34.3632,2.32854,42.5896,2.13982,57.94,2.13982,57.9435,2.13982,57.8878,2.03192,64.0907,2.03192,64.0455,2.05353,63.3676,1.82181,72.7087,1.73909,65.1969,1.72373,56.413,1.73909,65.1957,1.62626,59.4396,1.23317,44.4823,0.912688,30.9011
1.23317,44.4886,5.92402,8.39723,2.39177,39.4542,1.84366,71.5632,8.16057,0,8.16057,0,8.16057,0,5.92402,8.40875,3.68062,29.8102,3.68062,29.8058,3.68062,29.8118,2.81638,31.9469,2.81638,32.9608,2.81638,31.7658,2.39177,39.4878,2.17761,56.2624,2.17761,56.1995,2.17761,56.2283,2.05353,63.3543,2.05353,63.3115,2.07838,62.5116,1.84366,71.5639,1.74854,72.7288,1.73088,59.0231,1.74854,72.723,1.69391,60.1551,1.25,47.9867,0.926841,31.2944
1.25,47.9931,6.16275,6.49009,2.46132,36.0801,1.8688,70.4922,8.42167,0,8.42167,0,8.42167,0,6.16275,6.50283,3.87906,27.5762,3.87906,27.5706,3.87906,27.578,2.92839,29.4378,2.92839,29.9047,2.92839,29.4098,2.46132,36.2796,2.22108,53.8799,2.22108,53.5436,2.22108,53.9141,2.07838,62.4983,2.07838,62.4538,2.10695,61.4979,1.8688,70.4925,1.75941,78.4936,1.73909,65.5876,1.75941,78.4873,1.72373,57.6379,1.26822,51.5389,0.94105,31.6929
1.26822,51.5445,6.40387,4.61893,2.53782,32.1506,1.8977,69.3853,8.68537,0,8.68537,0,8.68537,0,6.40387,4.63287,4.09734,25.2259,4.09734,25.2187,4.09734,25.2278,3.05161,27.2015,3.05161,26.6407,3.05161,27.2293,2.53782,32.3135,2.27106,50.1461,2.27106,48.9503,2.27106,50.378,2.10695,61.4812,2.10695,61.4349,2.13982,60.2325,1.8977,69.3854,1.7719,78.3099,1.74854,73.0506,1.7719,78.3119,1.73088,60.0474,1.28697,54.4898,0.959991,32.2333
1.28697,54.4951,6.6474,2.78242,2.62198,28.0408,1.93094,68.1824,8.95171,0,8.95171,0,8.95171,0,6.6474,2.79759,4.3178,22.9445,4.3178,22.9364,4.3178,22.9469,3.18714,25.0704,3.18714,23.14,3.18714,25.2217,2.62198,28.2242,2.32854,45.3606,2.32854,43.4008,2.32854,45.7918,2.13982,60.2119,2.13982,60.1575,2.17761,58.4635,1.93094,68.1825,1.78628,76.5577,1.75941,78.7452,1.78628,76.5634,1.73909,66.3716,1.29785,56.0707,0.97424,32.6481
1.29785,56.0759,6.89336,0.980102,2.71455,23.7823,1.96917,66.8395,9.22072,0,9.22072,0,9.22072,0,6.89336,0.996482,4.54047,20.7266,4.54047,20.7181,4.54047,20.7289,3.33623,23.576,3.33623,20.4709,3.33623,23.9286,2.71455,23.9866,2.39177,38.0184,2.39177,34.5256,2.39177,38.8302,2.17761,58.4304,2.17761,58.3527,2.22108,55.243,1.96917,66.8396,1.8028,74.7748,1.7719,78.4449,1.8028,74.7832,1.74854,73.6501,1.31802,58.6632,0.993246,33.2135
1.31802,58.6679,7.14179,0,2.81638,19.4702,2.01313,65.2985,9.49242,0,9.49242,0,9.49242,0,7.14179,0,4.76537,18.5658,4.76537,18.5569,4.76537,18.5684,3.50023,22.6599,3.50023,17.7584,3.50023,23.0489,2.81638,19.6969,2.46132,28.4701,2.46132,24.5854,2.46132,29.4898,2.22108,55.1801,2.22108,55.0311,2.27106,48.2421,2.01313,65.2989,1.82181,73.3133,1.78628,76.642,1.82181,73.3226,1.75941,79.1858,1.33426,60.2689,1.00752,33.648
1.33426,60.2735,7.39269,0,2.92839,15.1823,2.01313,65.2985,9.76683,0,9.76683,0,9.76683,0,7.39269,0,4.99251,16.4572,4.99251,16.4476,4.99251,16.4602,3.68062,21.7439,3.68062,16.1226,3.68062,22.1486,2.92839,15.4338,2.53782,20.1024,2.53782,16.8107,2.53782,21.0205,2.27106,48.1293,2.27106,47.8148,2.32854,37.3785,2.01313,65.2989,1.84366,72.1475,1.8028,74.8357,1.84366,72.1547,1.7719,78.7088,1.35088,61.6719,1.02178,34.0905
1.35088,61.6764,7.64611,0,3.05161,10.9596,2.03192,64.6442,10.044,0,10.044,0,10.044,0,7.64611,0,5.22192,14.3968,5.22192,14.3857,5.22192,14.4004,3.87906,20.8775,3.87906,15.5026,3.87906,21.2936,3.05161,11.2362,2.62198,14.1938,2.62198,11.3962,2.62198,14.9914,2.32854,37.2837,2.32854,37.0167,2.39177,26.3347,2.03192,64.6448,1.8688,71.0429,1.82181,73.3685,1.8688,71.0486,1.78628,76.826,1.36694,62.7976,1.04048,34.6837
1.36694,62.8019,7.90206,0,3.18714,6.82995,2.05353,63.8845,10.3239,0,10.3239,0,10.3239,0,7.90206,0,5.45363,12.381,5.45363,12.3684,5.45363,12.3849,4.09734,20.0574,4.09734,14.7948,4.09734,20.4824,3.18714,7.13127,2.71455,9.86352,2.71455,7.33009,2.71455,10.6065,2.39177,26.2677,2.39177,26.0808,2.46132,16.72,2.05353,63.8853,1.8977,69.905,1.84366,72.2093,1.8977,69.9104,1.8028,74.9903,1.38276,63.7201,1.05747,35.2351
1.38276,63.7242,8.16057,0,3.33623,2.86424,2.07838,62.9999,10.6066,0,10.6066,0,10.6066,0,8.16057,0,5.68766,10.4071,5.68766,10.3928,5.68766,10.4113,4.3178,19.3313,4.3178,14.1547,4.3178,19.7626,3.33623,3.18529,2.81638,6.2172,2.81638,3.62142,2.81638,6.95962,2.46132,16.6656,2.46132,16.5264,2.53782,9.87748,2.07838,63.001,1.93094,68.6769,1.8688,71.1041,1.93094,68.6824,1.82181,73.522,1.39846,64.4853,1.07117,35.7364
1.39846,64.4893,8.42167,0,3.50023,0,2.10695,61.9141,10.8922,0,10.8922,0,10.8922,0,8.42167,0,5.92402,8.47283,5.92402,8.45639,5.92402,8.4775,4.54047,18.6797,4.54047,13.5814,4.54047,19.1149,3.50023,0,2.92839,2.94583,2.92839,0.163902,2.92839,3.70511,2.53782,9.83576,2.53782,9.74391,2.62198,5.45311,2.10695,61.9162,1.96917,67.3095,1.8977,69.9626,1.96917,67.3159,1.84366,72.366,1.41403,65.1326,1.08662,36.9048
1.41403,65.1365,8.68537,0,3.68062,0,2.13982,60.4507,11.1806,0,11.1806,0,11.1806,0,8.68537,0,6.16275,6.57682,6.16275,6.55772,6.16275,6.58209,4.76537,18.0813,4.76537,13.0666,4.76537,18.5181,3.68062,0,3.05161,0.264168,3.05161,0,3.05161,0.921837,2.62198,5.42182,2.62198,5.36771,2.71455,2.39238,2.13982,60.4558,2.01313,65.7344,1.93094,68.7294,2.01313,65.7429,1.8688,71.2536,1.42942,65.6623,1.10501,39.2198
1.42942,65.6661,8.95171,0,3.87906,0,2.17761,58.0041,11.4719,0,11.4719,0,11.4719,0,8.95171,0,6.40387,4.71809,6.40387,4.69592,6.40387,4.72401,4.99251,17.5121,4.99251,12.6016,4.99251,17.9484,3.87906,0,3.18714,0,3.18714,0,3.18714,0,2.71455,2.36802,2.71455,2.33586,2.81638,0.0472902,2.17761,58.0203,2.01313,65.7344,1.96917,67.3563,2.01313,65.7429,1.8977,70.1046,1.4453,66.1063,1.12098,41.7701
1.4453,66.1099,9.22072,0,4.09734,0,2.22108,52.5882,11.7661,0,11.7661,0,11.7661,0,9.22072,0,6.6474,2.89716,6.6474,2.86975,6.6474,2.90399,5.22192,16.955,5.22192,12.1697,5.22192,17.3892,4.09734,0,3.33623,0,3.33623,0,3.33623,0,2.81638,0.0278632,2.81638,0.00977241,2.92839,0,2.22108,52.6265,2.03192,65.0586,2.01313,65.7718,2.03192,65.0685,1.93094,68.8637,1.46155,66.4607,1.13695,44.5775
1.46155,66.4641,9.49242,0,4.3178,0,2.27106,44.4367,12.0633,0,12.0633,0,12.0633,0,9.49242,0,6.89336,1.11247,6.89336,1.07908,6.89336,1.11969,5.45363,16.4005,5.45363,11.7561,5.45363,16.8315,4.3178,0,3.50023,0,3.50023,0,3.50023,0,2.92839,0,2.92839,0,3.05161,0,2.27106,44.4619,2.05353,64.2715,2.01313,65.7718,2.05353,64.2828,1.96917,67.4818,1.4779,66.7746,1.15298,47.4783
1.4779,66.7779,9.76683,0,4.54047,0,2.32854,34.456,12.3634,0,12.3634,0,12.3634,0,9.76683,0,7.14179,0,7.14179,0,7.14179,0,5.68766,15.8418,5.68766,11.3498,5.68766,16.2686,4.54047,0,3.68062,0,3.68062,0,3.68062,0,3.05161,0,3.05161,0,3.18714,0,2.32854,34.4724,2.07838,63.3329,2.03192,65.0868,2.07838,63.3466,2.01313,65.8828,1.49444,67.0703,1.16899,50.3899
1.49444,67.0735,10.044,0,4.76537,0,2.39177,23.9942,12.6665,0,12.6665,0,12.6665,0,10.044,0,7.39269,0,7.39269,0,7.39269,0,5.92402,15.2741,5.92402,10.9431,5.92402,15.6959,4.76537,0,3.87906,0,3.87906,0,3.87906,0,3.18714,0,3.18714,0,3.33623,0,2.39177,24.0081,2.10695,62.0898,2.05353,64.2908,2.10695,62.1095,2.01313,65.8828,1.51019,67.3562,1.18495,53.3116
1.51019,67.3592,10.3239,0,4.99251,0,2.46132,14.72,12.9727,0,12.9727,0,12.9727,0,10.3239,0,7.64611,0,7.64611,0,7.64611,0,6.16275,14.694,6.16275,10.5287,6.16275,15.1104,4.99251,0,4.09734,0,4.09734,0,4.09734,0,3.33623,0,3.33623,0,3.50023,0,2.46132,14.7319,2.13982,60.1046,2.07838,63.3291,2.13982,60.1325,2.03192,65.1875,1.52569,67.6458,1.20102,56.3143
1.52569,67.6488,10.6066,0,5.22192,0,2.53782,8.38595,13.2819,0,13.2819,0,13.2819,0,10.6066,0,7.90206,0,7.90206,0,7.90206,0,6.40387,14.0995,6.40387,10.1017,6.40387,14.5098,5.22192,0,4.3178,0,4.3178,0,4.3178,0,3.50023,0,3.50023,0,3.68062,0,2.53782,8.39441,2.17761,56.1276,2.10695,62.0129,2.17761,56.1737,2.05353,64.3779,1.54098,67.9335,1.21714,59.4348
1.54098,67.9365,10.8922,0,5.45363,0,2.62198,4.42054,13.5942,0,13.5942,0,13.5942,0,10.8922,0,8.16057,0,8.16057,0,8.16057,0,6.6474,13.4893,6.6474,9.65838,6.6474,13.893,5.45363,0,4.54047,0,4.54047,0,4.54047,0,3.68062,0,3.68062,0,3.87906,0,2.62198,4.42675,2.22108,49.5562,2.13982,59.8005,2.22108,49.5969,2.07838,63.3692,1.56391,68.358,1.23317,62.6753
1.56391,68.3608,11.1806,0,5.68766,0,2.71455,1.73968,13.9096,0,13.9096,0,13.9096,0,11.1806,0,8.42167,0,8.42167,0,8.42167,0,6.89336,12.8627,6.89336,9.19631,6.89336,13.2596,5.68766,0,4.76537,0,4.76537,0,4.76537,0,3.87906,0,3.87906,0,4.09734,0,2.71455,1.74485,2.27106,41.4022,2.17761,55.5565,2.27106,41.4289,2.10695,61.8832,1.57927,68.6267,1.25,66.228
1.57927,68.6295,11.4719,0,5.92402,0,2.81638,0,14.2282,0,14.2282,0,14.2282,0,11.4719,0,8.68537,0,8.68537,0,8.68537,0,7.14179,12.2219,7.14179,8.71662,7.14179,12.6118,5.92402,0,4.99251,0,4.99251,0,4.99251,0,4.09734,0,4.09734,0,4.3178,0,2.81638,0,2.32854,31.884,2.22108,48.899,2.32854,31.9063,2.13982,59.1748,1.59459,68.8614,1.26822,70.173
1.59459,68.8641,11.7661,0,6.16275,0,2.92839,0,14.55,0,14.55,0,14.55,0,11.7661,0,8.95171,0,8.95171,0,8.95171,0,7.39269,11.5763,7.39269,8.22935,7.39269,11.9589,6.16275,0,5.22192,0,5.22192,0,5.22192,0,4.3178,0,4.3178,0,4.54047,0,2.92839,0,2.39177,21.8361,2.27106,40.8392,2.39177,21.8589,2.17761,54.5244,1.61076,69.0836,1.28697,73.8779
1.61076,69.0862,12.0633,0,6.40387,0,3.05161,0,14.875,0,14.875,0,14.875,0,12.0633,0,9.22072,0,9.22072,0,9.22072,0,7.64611,10.9398,7.64611,7.74957,7.64611,11.3149,6.40387,0,5.45363,0,5.45363,0,5.45363,0,4.54047,0,4.54047,0,4.76537,0,3.05161,0,2.46132,12.9167,2.32854,31.3989,2.46132,12.9388,2.22108,47.6997,1.62626,69.2704,1.29785,75.6859
1.62626,69.2729,12.3634,0,6.6474,0,3.18714,0,15.2032,0,15.2032,0,15.2032,0,12.3634,0,9.49242,0,9.49242,0,9.49242,0,7.90206,10.3245,7.90206,7.29022,7.90206,10.6919,6.6474,0,5.68766,0,5.68766,0,5.68766,0,4.76537,0,4.76537,0,4.99251,0,3.18714,0,2.53782,7.08338,2.39177,21.4146,2.53782,7.09994,2.27106,39.6842,1.69391,70.0021,1.31802,78.3757
1.69391,70.0044,12.6665,0,6.89336,0,3.33623,0,15.5347,0,15.5347,0,15.5347,0,12.6665,0,9.76683,0,9.76683,0,9.76683,0,8.16057,9.73854,8.16057,6.85932,8.16057,10.0982,6.89336,0,5.92402,0,5.92402,0,5.92402,0,4.99251,0,4.99251,0,5.22192,0,3.33623,0,2.62198,3.52641,2.46132,12.5631,2.62198,3.53859,2.32854,30.3913,1.72373,65.6632,1.33426,79.9878
1.72373,65.6571,12.9727,0,7.14179,0,3.50023,0,15.8696,0,15.8696,0,15.8696,0,12.9727,0,10.044,0,10.044,0,10.044,0,8.42167,9.18648,8.42167,6.46068,8.42167,9.53822,7.14179,0,6.16275,0,6.16275,0,6.16275,0,5.22192,0,5.22192,0,5.45363,0,3.50023,0,2.71455,1.17792,2.53782,6.83667,2.71455,1.18551,2.39177,20.5708,1.73088,65.7063,1.35088,81.3466
1.73088,65.7097,13.2819,0,7.39269,0.000223067,3.68062,0,16.2078,0,16.2078,0,16.2078,0,13.2819,0,10.3239,0,10.3239,0,10.3239,0,8.68537,8.66994,8.68537,6.09495,8.68537,9.01378,7.39269,0,6.40387,0,6.40387,0,6.40387,0,5.45363,0,5.45363,0,5.68766,0,3.68062,0,2.81638,0,2.62198,3.36338,2.81638,0,2.46132,11.8799,1.73909,68.8398,1.36694,82.4541
1.73909,68.8606,13.5942,0,7.64611,0.0220053,3.87906,0,16.5493,0,16.5493,0,16.5493,0,13.5942,0,10.6066,0,10.6066,0,10.6066,0,8.95171,8.18875,8.95171,5.76092,8.95171,8.52468,7.64611,0.0197937,6.6474,0,6.6474,0,6.6474,0,5.68766,0,5.68766,0,5.92402,0,3.87906,0,2.92839,0,2.71455,1.09274,2.92839,0,2.53782,6.36239,1.74854,73.8411,1.38276,83.3532
1.74854,73.8729,13.9096,0,7.90206,0.0626071,4.09734,0,16.8943,0,16.8943,0,16.8943,0,13.9096,0,10.8922,0,10.8922,0,10.8922,0,9.22072,7.74154,9.22072,5.45638,9.22072,8.06961,7.90206,0.0587285,6.89336,0,6.89336,0,6.89336,0,5.92402,0,5.92402,0,6.16275,0,4.09734,0,3.05161,0,2.81638,0,3.05161,0,2.62198,3.04888,1.75941,77.8049,1.39846,84.0778
1.75941,77.8046,14.2282,0,8.16057,0.117946,4.3178,0,17.2427,0,17.2427,0,17.2427,0,14.2282,0,11.1806,0,11.1806,0,11.1806,0,9.49242,7.32633,9.49242,5.17875,9.49242,7.64662,8.16057,0.113168,7.14179,0,7.14179,0,7.14179,0,6.16275,0,6.16275,0,6.40387,0,4.3178,0,3.18714,0,2.92839,0,3.18714,0,2.71455,0.914602,1.7719,77.5335,1.41403,84.6677
1.7719,77.5315,14.55,0,8.42167,0.184419,4.54047,0,17.5947,0,17.5947,0,17.5947,0,14.55,0,11.4719,0,11.4719,0,11.4719,0,9.76683,6.94089,9.76683,4.92531,9.76683,7.25347,8.42167,0.178918,7.39269,0,7.39269,0,7.39269,0,6.40387,0,6.40387,0,6.6474,0,4.54047,0,3.33623,0,3.05161,0,3.33623,0,2.81638,0,1.78628,75.8885,1.42942,85.1467
1.78628,75.8661,14.875,0,8.68537,0.259122,4.76537,0,17.9501,0,17.9501,0,17.9501,0,14.875,0,11.7661,0,11.7661,0,11.7661,0,10.044,6.58292,10.044,4.69346,10.044,6.8879,8.68537,0.253111,7.64611,0,7.64611,0,7.64611,0,6.6474,0,6.6474,0,6.89336,0,4.76537,0,3.50023,0,3.18714,0,3.50023,0,2.92839,0,1.8028,74.4889,1.4453,85.5378
1.8028,74.4728,15.2032,0,8.95171,0.339726,4.99251,0,18.3091,0,18.3091,0,18.3091,0,15.2032,0,12.0633,0,12.0633,0,12.0633,0,10.3239,6.25018,10.3239,4.4808,10.3239,6.54766,8.95171,0.3334,7.90206,0,7.90206,0,7.90206,0,6.89336,0,6.89336,0,7.14179,0,4.99251,0,3.68062,0,3.33623,0,3.68062,0,3.05161,0,1.82181,73.5498,1.46155,85.8361
1.82181,73.4506,15.5347,0,9.22072,0.424325,5.22192,0,18.6717,0,18.6717,0,18.6717,0,15.5347,0,12.3634,0,12.3634,0,12.3634,0,10.6066,5.94059,10.6066,4.2852,10.6066,6.23068,9.22072,0.417849,8.16057,0,8.16057,0,8.16057,0,7.14179,0,7.14179,0,7.39269,0,5.22192,0,3.87906,0,3.50023,0,3.87906,0,3.18714,0,1.84366,72.3695,1.4779,86.0818
1.84366,72.2938,15.8696,0,9.49242,0.511348,5.45363,0,19.0379,0,19.0379,0,19.0379,0,15.8696,0,12.6665,0,12.6665,0,12.6665,0,10.8922,5.65219,10.8922,4.10475,10.8922,5.935,9.49242,0.504857,8.42167,0,8.42167,0,8.42167,6.65E-05,7.39269,0,7.39269,0,7.64611,0,5.45363,0,4.09734,0,3.68062,0,4.09734,0,3.33623,0,1.8688,71.0667,1.49444,86.3134
1.8688,70.9954,16.2078,0,9.76683,0.599496,5.68766,0,19.4077,0,19.4077,0,19.4077,0,16.2078,0,12.9727,0,12.9727,0,12.9727,0,11.1806,5.38321,11.1806,3.93782,11.1806,5.65885,9.76683,0.593097,8.68537,0,8.68537,0,8.68537,0.00279512,7.64611,0,7.64611,0,7.90206,0,5.68766,0,4.3178,0,3.87906,0,4.3178,0,3.50023,0,1.8977,69.6514,1.51019,86.5549
1.8977,69.5662,16.5493,0,10.044,0.687699,5.92402,0,19.7813,0,19.7813,0,19.7813,0,16.5493,0,13.2819,0,13.2819,0,13.2819,0,11.4719,5.13205,11.4719,3.78292,11.4719,5.4006,10.044,0.681472,8.95171,0,8.95171,0,8.95171,0.0077836,7.90206,0,7.90206,0,8.16057,0,5.92402,0,4.54047,0,4.09734,0,4.54047,0,3.68062,0,1.93094,68.109,1.52569,86.8233
1.93094,68.0311,16.8943,0,10.3239,0.775074,6.16275,0,20.1586,0,20.1586,0,20.1586,0,16.8943,0,13.5942,0,13.5942,0,13.5942,0,11.7661,4.89722,11.7661,3.63876,11.7661,5.15882,10.3239,0.769083,9.22072,0,9.22072,0,9.22072,0.0135407,8.16057,0,8.16057,0,8.42167,0,6.16275,0,4.76537,0,4.3178,0,4.76537,0,3.87906,0,1.96917,66.4919,1.54098,87.1142
1.96917,66.4397,17.2427,0,10.6066,0.860896,6.40387,0,20.5397,0,20.5397,0,20.5397,0,17.2427,0,13.9096,0,13.9096,0,13.9096,0,12.0633,4.67737,12.0633,3.50421,12.0633,4.93216,10.6066,0.855187,9.49242,0.000621489,9.49242,0,9.49242,0.0199234,8.42167,0,8.42167,0,8.68537,0,6.40387,0,4.99251,0,4.54047,0,4.99251,0,4.09734,0,2.01313,64.9442,1.56391,87.5697
2.01313,64.9044,17.5947,0,10.8922,0.944576,6.6474,0,20.9246,0,20.9246,0,20.9246,0,17.5947,0,14.2282,0,14.2282,0,14.2282,0,12.3634,4.47132,12.3634,3.3783,12.3634,4.71942,10.8922,0.939185,9.76683,0.00261914,9.76683,0,9.76683,0.0266479,8.68537,0,8.68537,0,8.95171,0,6.6474,0,5.22192,0,4.76537,0,5.22192,0,4.3178,0,2.01313,64.9442,1.57927,87.8644
2.01313,64.9044,17.9501,0,11.1806,1.02564,6.89336,0,21.3133,0,21.3133,0,21.3133,0,17.9501,0,14.55,0,14.55,0,14.55,0,12.6665,4.27799,12.6665,3.26018,12.6665,4.51952,11.1806,1.02059,10.044,0.00556808,10.044,0,10.044,0.0336044,8.95171,0,8.95171,0,9.22072,0,6.89336,0,5.45363,0,4.99251,0,5.45363,0,4.54047,0,2.03192,64.2914,1.59459,88.1294
2.03192,64.2525,18.3091,0,11.4719,1.10373,7.14179,0,21.7059,0,21.7059,0,21.7059,0,18.3091,0,14.875,0,14.875,0,14.875,0,12.9727,4.0964,12.9727,3.14911,12.9727,4.33148,11.4719,1.09903,10.3239,0.00905783,10.3239,0,10.3239,0.0406961,9.22072,0,9.22072,0,9.49242,0,7.14179,0,5.68766,0,5.22192,0,5.68766,0,4.76537,0,2.05353,63.0003,1.61076,88.3642
2.05353,62.9255,18.6717,0,11.7661,1.17854,7.39269,0,22.1025,0,22.1025,0,22.1025,0,18.6717,0,15.2032,0,15.2032,0,15.2032,0,13.2819,3.92564,13.2819,3.04444,13.2819,4.15441,11.7661,1.17421,10.6066,0.0129515,10.6066,0,10.6066,0.0478516,9.49242,0,9.49242,0,9.76683,0,7.39269,0,5.92402,0,5.45363,0,5.92402,0,4.99251,0,2.07838,60.0718,1.62626,88.554
2.07838,59.9111,19.0379,0,12.0633,1.24985,7.64611,0,22.503,0,22.503,0,22.503,0,19.0379,0,15.5347,0,15.5347,0,15.5347,0,13.5942,3.76491,13.5942,2.94561,13.5942,3.98749,12.0633,1.2459,10.8922,0.0171548,10.8922,0,10.8922,0.0550299,9.76683,0,9.76683,0,10.044,0,7.64611,0,6.16275,0,5.68766,0,6.16275,0,5.22192,0,2.10695,55.0278,1.69391,89.264
2.10695,54.9715,19.4077,0,12.3634,1.31753,7.90206,0,22.9075,0,22.9075,0,22.9075,0,19.4077,0,15.8696,0,15.8696,0,15.8696,0,13.9096,3.61348,13.9096,2.85212,13.9096,3.82997,12.3634,1.31395,11.1806,0.0216223,11.1806,0,11.1806,0.0622101,10.044,0,10.044,0,10.3239,0,7.90206,0,6.40387,0,5.92402,0,6.40387,0,5.45363,0,2.13982,48.8205,1.72373,81.4382
2.13982,48.6627,19.7813,0,12.6665,1.38146,8.16057,0,23.3161,0,23.3161,0,23.3161,0,19.7813,0,16.2078,0,16.2078,0,16.2078,0,14.2282,3.47068,14.2282,2.76353,14.2282,3.68121,12.6665,1.37824,11.4719,0.0263182,11.4719,0.000288483,11.4719,0.0693816,10.3239,0,10.3239,0,10.6066,0,8.16057,0,6.6474,0,6.16275,0,6.6474,0,5.68766,0,2.17761,41.7629,1.73088,80.1063
2.17761,41.6062,20.1586,0,12.9727,1.4416,8.42167,0,31.9939,0,31.9939,0,31.9939,0,20.1586,0,16.5493,0,16.5493,0,16.5493,0,14.55,3.33589,14.55,2.67943,14.55,3.54057,12.9727,1.43873,11.7661,0.0312185,11.7661,0.00191985,11.7661,0.0765438,10.6066,0,10.6066,0,10.8922,0,8.42167,0,6.89336,0,6.40387,0,6.89336,0,5.92402,0,2.22108,34.5563,1.73909,78.6697
2.22108,34.4465,20.5397,0,13.2819,1.49791,8.68537,0,,,,,,,20.5397,0,16.8943,0,16.8943,0,16.8943,0,14.875,3.20855,14.875,2.59948,14.875,3.40751,13.2819,1.49539,12.0633,0.0363082,12.0633,0.00445374,12.0633,0.0837022,10.8922,0,10.8922,0,11.1806,0,8.68537,0,7.14179,0,6.6474,0,7.14179,0,6.16275,0,2.27106,27.6387,1.74854,77.1357
2.27106,27.549,20.9246,0,13.5942,1.55042,8.95171,0,,,,,,,20.9246,0,17.2427,0,17.2427,0,17.2427,0,15.2032,3.08814,15.2032,2.52335,15.2032,3.28151,13.5942,1.54823,12.3634,0.0415827,12.3634,0.00784831,12.3634,0.0908666,11.1806,0,11.1806,0,11.4719,0,8.95171,0,7.39269,0,6.89336,0,7.39269,0,6.40387,0,2.32854,21.1249,1.75941,75.5166
2.32854,21.0511,21.3133,0,13.9096,1.59917,9.22072,0,,,,,,,21.3133,0,17.5947,0,17.5947,0,17.5947,0,15.5347,2.9742,15.5347,2.45078,15.5347,3.16209,13.9096,1.5973,12.6665,0.0470401,12.6665,0.0119652,12.6665,0.0980501,11.4719,0,11.4719,0,11.7661,0,9.22072,0,7.64611,0,7.14179,0,7.64611,0,6.6474,0,2.39177,15.1024,1.7719,73.8305
2.39177,15.0357,21.7059,0,14.2282,1.64421,9.49242,0,,,,,,,21.7059,0,17.9501,0,17.9501,0,17.9501,0,15.8696,2.86628,15.8696,2.38152,15.8696,3.04882,14.2282,1.64265,12.9727,0.0526836,12.9727,0.0167663,12.9727,0.105267,11.7661,0,11.7661,0,12.0633,0,9.49242,0,7.90206,0,7.39269,0,7.90206,0,6.89336,0,2.46132,9.43495,1.78628,72.1022
2.46132,9.37041,22.1025,0,14.55,1.68564,9.76683,0,,,,,,,22.1025,0,18.3091,0,18.3091,0,18.3091,0,16.2078,2.76435,16.2078,2.31568,16.2078,2.94164,14.55,1.68436,13.2819,0.0585181,13.2819,0.0222086,13.2819,0.112533,12.0633,0,12.0633,0,12.3634,0,9.76683,0,8.16057,0,7.64611,0,8.16057,0,7.14179,0,2.53782,5.23043,1.8028,70.363
2.53782,5.17431,22.503,0,14.875,1.72353,10.044,0,,,,,,,22.503,0,18.6717,0,18.6717,0,18.6717,0,16.5493,2.13341,16.5493,1.58908,16.5493,2.30768,14.875,1.72253,13.5942,0.064548,13.5942,0.0282484,13.5942,0.119861,12.3634,0,12.3634,0,12.6665,0,10.044,0,8.42167,0,7.90206,0,8.42167,0,7.39269,0,2.62198,2.60143,1.82181,68.6504
2.62198,2.55466,22.9075,0,15.2032,1.758,10.3239,0,,,,,,,22.9075,0,19.0379,0,19.0379,0,19.0379,0,16.8943,1.58182,16.8943,0.923929,16.8943,1.75782,15.2032,1.75726,13.9096,0.0707783,13.9096,0.0348465,13.9096,0.127264,12.6665,0,12.6665,0,12.9727,0,10.3239,0,8.68537,0,8.16057,0,8.68537,0,7.64611,0,2.71455,0.93372,1.84366,67.0064
2.71455,0.900816,23.3161,0,15.5347,1.78917,10.6066,0,,,,,,,23.3161,0,19.4077,0,19.4077,0,19.4077,0,17.2427,1.23543,17.2427,0.54843,17.2427,1.40893,15.5347,1.78867,14.2282,0.0772139,14.2282,0.0419665,14.2282,0.134755,12.9727,0,12.9727,0,13.2819,0,10.6066,0,8.95171,0,8.42167,0,8.95171,0,7.90206,0,2.81638,0,1.8688,65.4751
2.81638,0,31.9939,0,15.8696,1.81715,10.8922,0,,,,,,,31.9939,0,19.7813,0,19.7813,0,19.7813,0,17.5947,0.99581,17.5947,0.323099,17.5947,1.16468,15.8696,1.81688,14.55,0.0838582,14.55,0.0495718,14.55,0.142344,13.2819,0,13.2819,0,13.5942,0,10.8922,0,9.22072,0,8.68537,0,9.22072,0,8.16057,0,2.92839,0,1.8977,64.0989
2.92839,0,,,16.2078,1.84242,11.1806,0,,,,,,,,,20.1586,0,20.1586,0,20.1586,0,17.9501,0.832633,17.9501,0.198952,17.9501,0.995726,16.2078,1.84238,14.875,0.0907149,14.875,0.0576297,14.875,0.150037,13.5942,0,13.5942,0,13.9096,0,11.1806,0,9.49242,0,8.95171,0,9.49242,0,8.42167,0,3.05161,0,1.93094,62.9141
3.05161,0,,,16.5493,1.20125,11.4719,0,,,,,,,,,20.5397,0,20.5397,0,20.5397,0,18.3091,0.722064,18.3091,0.137066,18.3091,0.879036,16.5493,1.14878,15.2032,0.0977851,15.2032,0.0661057,15.2032,0.157841,13.9096,0,13.9096,0,14.2282,0,11.4719,0,9.76683,0,9.22072,0,9.76683,0,8.68537,0,3.18714,0,1.96917,61.9455
3.18714,0,,,16.8943,0.623174,11.7661,0,,,,,,,,,20.9246,0,20.9246,0,20.9246,0,18.6717,0.646445,18.6717,0.110235,18.6717,0.797473,16.8943,0.610431,15.5347,0.105069,15.5347,0.0749714,15.5347,0.165758,14.2282,0,14.2282,0,14.55,0,11.7661,0,10.044,0,9.49242,0,10.044,0,8.95171,0,3.33623,0,2.01313,61.2018
3.33623,0,,,17.2427,0.288935,12.0633,0,,,,,,,,,21.3133,0,21.3133,0,21.3133,0,19.0379,0.593543,19.0379,0.102346,19.0379,0.73904,17.2427,0.300546,15.8696,0.112563,15.8696,0.0841949,15.8696,0.173791,14.55,0,14.55,0,14.875,0,12.0633,0,10.3239,0,9.76683,0,10.3239,0,9.22072,0,3.50023,0,2.01313,61.2018
3.50023,0,,,17.5947,0.112224,12.3634,0,,,,,,,,,21.7059,0,21.7059,0,21.7059,0,19.4077,0.555216,19.4077,0.104716,19.4077,0.695631,17.5947,0.122816,16.2078,0.12063,16.2078,0.0940839,16.2078,0.182305,14.875,0,14.875,0,15.2032,0,12.3634,0,10.6066,0,10.044,0,10.6066,0,9.49242,0,3.68062,0,2.03192,51.2018
3.68062,0,,,17.9501,0.0333937,12.6665,0,,,,,,,,,22.1025,0,22.1025,0,22.1025,0,19.7813,0.526143,19.7813,0.112633,19.7813,0.661895,17.9501,0.038424,16.5493,0,16.5493,0,16.5493,0,15.2032,0,15.2032,0,15.5347,0,12.6665,0,10.8922,0,10.3239,0,10.8922,0,9.76683,0,3.87906,0,2.05353,41.5808
3.87906,0,,,18.3091,0.00556155,12.9727,0,,,,,,,,,22.503,0,22.503,0,22.503,0,20.1586,0.502897,20.1586,0.123466,20.1586,0.63433,18.3091,0.00762225,16.8943,0,16.8943,0,16.8943,0,15.5347,0,15.5347,0,15.8696,0,12.9727,0,11.1806,0,10.6066,0,11.1806,0,10.044,0,4.09734,0,2.07838,32.5957
4.09734,0,,,18.6717,0.00776222,13.2819,0,,,,,,,,,22.9075,0,22.9075,0,22.9075,0,20.5397,0.483285,20.5397,0.135562,20.5397,0.610667,18.6717,0.00817273,17.2427,0,17.2427,0,17.2427,0,15.8696,0,15.8696,0,16.2078,0,13.2819,0,11.4719,0,10.8922,0,11.4719,0,10.3239,0,4.3178,0,2.10695,24.4956
4.3178,0,,,19.0379,0.0175435,13.5942,0,,,,,,,,,23.3161,0,23.3161,0,23.3161,0,20.9246,0.465932,20.9246,0.14785,20.9246,0.589459,19.0379,0.0170379,17.5947,0,17.5947,0,17.5947,0,16.2078,0,16.2078,0,16.5493,0,13.5942,0,11.7661,0,11.1806,0,11.7661,0,10.6066,0,4.54047,0,2.13982,17.4953
4.54047,0,,,19.4077,0.0293829,13.9096,0,,,,,,,,,31.9939,0,31.9939,0,31.9939,0,21.3133,0.449984,21.3133,0.15964,21.3133,0.569802,19.4077,0.028668,17.9501,0,17.9501,0,17.9501,0,16.5493,0,16.5493,0,16.8943,0,13.9096,0,12.0633,0,11.4719,0,12.0633,0,10.8922,0,4.76537,0,2.17761,11.7456
4.76537,0,,,19.7813,0.0438373,14.2282,0,,,,,,,,,,,,,,,21.7059,0.43493,21.7059,0.170495,21.7059,0.551136,19.7813,0.0431403,18.3091,0,18.3091,0,18.3091,0,16.8943,0,16.8943,0,17.2427,0,14.2282,0,12.3634,0,11.7661,0,12.3634,0,11.1806,0,4.99251,0,2.22108,7.30645
4.99251,0,,,20.1586,0.0601091,14.55,0,,,,,,,,,,,,,,,22.1025,0.420469,22.1025,0.18018,22.1025,0.533137,20.1586,0.0593867,18.6717,0,18.6717,0,18.6717,0,17.2427,0,17.2427,0,17.5947,0,14.55,0,12.6665,0,12.0633,0,12.6665,0,11.4719,0,5.22192,0,2.27106,4.13084
5.22192,0,,,20.5397,0.0773044,14.875,0,,,,,,,,,,,,,,,22.503,0.40644,22.503,0.18858,22.503,0.515626,20.5397,0.0765753,19.0379,0,19.0379,0,19.0379,0,17.5947,0,17.5947,0,17.9501,0,14.875,0,12.9727,0,12.3634,0,12.9727,0,11.7661,0,5.45363,0,2.32854,2.06614
5.45363,0,,,20.9246,0.0946949,15.2032,0,,,,,,,,,,,,,,,22.9075,0.392762,22.9075,0.195667,22.9075,0.498511,20.9246,0.0939873,19.4077,0,19.4077,0,19.4077,0,17.9501,0,17.9501,0,18.3091,0,15.2032,0,13.2819,0,12.6665,0,13.2819,0,12.0633,0,5.68766,0,2.39177,0.878523
5.68766,0,,,21.3133,0.111737,15.5347,0,,,,,,,,,,,,,,,23.3161,0.379409,23.3161,0.201486,23.3161,0.481762,21.3133,0.111074,19.7813,0,19.7813,0,19.7813,0,18.3091,0,18.3091,0,18.6717,0,15.5347,0,13.5942,0,12.9727,0,13.5942,0,12.3634,0,5.92402,0,2.46132,0.32305
5.92402,0,,,21.7059,0.12806,15.8696,0,,,,,,,,,,,,,,,31.9939,0.112922,31.9939,0.0935342,31.9939,0.154686,21.7059,0.127457,20.1586,0,20.1586,0,20.1586,0,18.6717,0,18.6717,0,19.0379,0,15.8696,0,13.9096,0,13.2819,0,13.9096,0,12.6665,0,6.16275,0,2.53782,0.0983663
6.16275,0,,,22.1025,0.143431,16.2078,0,,,,,,,,,,,,,,,,,,,,,22.1025,0.142897,20.5397,0,20.5397,0,20.5397,0,19.0379,0,19.0379,0,19.4077,0,16.2078,0,14.2282,0,13.5942,0,14.2282,0,12.9727,0,6.40387,0,2.62198,0.0231103
6.40387,0,,,22.503,0.15772,16.5493,0,,,,,,,,,,,,,,,,,,,,,22.503,0.157258,20.9246,0,20.9246,0,20.9246,0,19.4077,0,19.4077,0,19.7813,0,16.5493,0,14.55,0,13.9096,0,14.55,0,13.2819,0,6.6474,0,2.71455,0.0036615
6.6474,0,,,22.9075,0.170868,16.8943,0,,,,,,,,,,,,,,,,,,,,,22.9075,0.170478,21.3133,0,21.3133,0,21.3133,0,19.7813,0,19.7813,0,20.1586,0,16.8943,0,14.875,0,14.2282,0,14.875,0,13.5942,0,6.89336,0,2.81638,0.000271972
6.89336,0,,,23.3161,0.182866,17.2427,0,,,,,,,,,,,,,,,,,,,,,23.3161,0.182545,21.7059,0,21.7059,0,21.7059,0,20.1586,0,20.1586,0,20.5397,0,17.2427,0,15.2032,0,14.55,0,15.2032,0,13.9096,0,7.14179,0,2.92839,0
7.14179,0,,,31.9939,0.141444,17.5947,0,,,,,,,,,,,,,,,,,,,,,31.9939,0.141591,22.1025,0,22.1025,0,22.1025,0,20.5397,0,20.5397,0,20.9246,0,17.5947,0,15.5347,0,14.875,0,15.5347,0,14.2282,0,7.39269,0,3.05161,0
7.39269,0,,,,,17.9501,0,,,,,,,,,,,,,,,,,,,,,,,22.503,0,22.503,0,22.503,0,20.9246,0,20.9246,0,21.3133,0,17.9501,0,15.8696,0,15.2032,0,15.8696,0,14.55,0,7.64611,0,3.18714,0
7.64611,0,,,,,18.3091,0,,,,,,,,,,,,,,,,,,,,,,,22.9075,0,22.9075,0,22.9075,8.70E-05,21.3133,0,21.3133,0,21.7059,0,18.3091,0,16.2078,0,15.5347,0,16.2078,0,14.875,0,7.90206,0,3.33623,0
7.90206,0,,,,,18.6717,0,,,,,,,,,,,,,,,,,,,,,,,23.3161,0,23.3161,0,23.3161,0.000868567,21.7059,0,21.7059,0,22.1025,0,18.6717,0,16.5493,0,15.8696,0,16.5493,0,15.2032,0,8.16057,0,3.50023,0
8.16057,0,,,,,19.0379,0,,,,,,,,,,,,,,,,,,,,,,,31.9939,0.00553172,31.9939,0.00484901,31.9939,0.00949368,22.1025,0,22.1025,0,22.503,0,19.0379,0,16.8943,0,16.2078,0,16.8943,0,15.5347,0,8.42167,0,3.68062,0
8.42167,0,,,,,19.4077,0,,,,,,,,,,,,,,,,,,,,,,,,,,,,,22.503,0,22.503,0,22.9075,0,19.4077,0,17.2427,0,16.5493,0,17.2427,0,15.8696,0,8.68537,0,3.87906,0
8.68537,0,,,,,19.7813,0,,,,,,,,,,,,,,,,,,,,,,,,,,,,,22.9075,0,22.9075,0,23.3161,0,19.7813,0,17.5947,0,16.8943,0,17.5947,0,16.2078,0,8.95171,0,4.09734,0
8.95171,0,,,,,20.1586,0,,,,,,,,,,,,,,,,,,,,,,,,,,,,,23.3161,0,23.3161,0,31.9939,0,20.1586,0,17.9501,0,17.2427,0,17.9501,0,16.5493,0,9.22072,0,4.3178,0
9.22072,0,,,,,20.5397,0,,,,,,,,,,,,,,,,,,,,,,,,,,,,,31.9939,0,31.9939,0,,,20.5397,0,18.3091,0,17.5947,0,18.3091,0,16.8943,0,9.49242,0,4.54047,0
9.49242,0,,,,,20.9246,0,,,,,,,,,,,,,,,,,,,,,,,,,,,,,,,,,,,20.9246,0,18.6717,0,17.9501,0,18.6717,0,17.2427,0,9.76683,0,4.76537,0
9.76683,0,,,,,21.3133,0,,,,,,,,,,,,,,,,,,,,,,,,,,,,,,,,,,,21.3133,0,19.0379,0,18.3091,0,19.0379,0,17.5947,0,10.044,0,4.99251,0
10.044,0,,,,,21.7059,0,,,,,,,,,,,,,,,,,,,,,,,,,,,,,,,,,,,21.7059,0,19.4077,0,18.6717,0,19.4077,0,17.9501,0,10.3239,0,5.22192,0
10.3239,0,,,,,22.1025,0,,,,,,,,,,,,,,,,,,,,,,,,,,,,,,,,,,,22.1025,0,19.7813,0,19.0379,0,19.7813,0,18.3091,0,10.6066,0,5.45363,0
10.6066,0,,,,,22.503,0,,,,,,,,,,,,,,,,,,,,,,,,,,,,,,,,,,,22.503,0,20.1586,0,19.4077,0,20.1586,0,18.6717,0,10.8922,0,5.68766,0
10.8922,0,,,,,22.9075,0,,,,,,,,,,,,,,,,,,,,,,,,,,,,,,,,,,,22.9075,0,20.5397,0,19.7813,0,20.5397,0,19.0379,0,11.1806,0,5.92402,0
11.1806,0,,,,,23.3161,0,,,,,,,,,,,,,,,,,,,,,,,,,,,,,,,,,,,23.3161,0,20.9246,0,20.1586,0,20.9246,0,19.4077,0,11.4719,0,6.16275,0
11.4719,0,,,,,31.9939,0,,,,,,,,,,,,,,,,,,,,,,,,,,,,,,,,,,,31.9939,0,21.3133,0,20.5397,0,21.3133,0,19.7813,0,11.7661,0,6.40387,0
11.7661,0,,,,,,,,,,,,,,,,,,,,,,,,,,,,,,,,,,,,,,,,,,,21.7059,0,20.9246,0,21.7059,0,20.1586,0,12.0633,0,6.6474,0
12.0633,0,,,,,,,,,,,,,,,,,,,,,,,,,,,,,,,,,,,,,,,,,,,22.1025,0,21.3133,0,22.1025,0,20.5397,0,12.3634,0,6.89336,0
12.3634,0,,,,,,,,,,,,,,,,,,,,,,,,,,,,,,,,,,,,,,,,,,,22.503,0,21.7059,0,22.503,0,20.9246,0,12.6665,0,7.14179,0
12.6665,0,,,,,,,,,,,,,,,,,,,,,,,,,,,,,,,,,,,,,,,,,,,22.9075,0,22.1025,0,22.9075,0,21.3133,0,12.9727,0,7.39269,0
12.9727,0,,,,,,,,,,,,,,,,,,,,,,,,,,,,,,,,,,,,,,,,,,,23.3161,0,22.503,0,23.3161,0,21.7059,0,13.2819,0,7.64611,0
13.2819,0,,,,,,,,,,,,,,,,,,,,,,,,,,,,,,,,,,,,,,,,,,,31.9939,0,22.9075,0,31.9939,0,22.1025,0,13.5942,0,7.90206,0
13.5942,0,,,,,,,,,,,,,,,,,,,,,,,,,,,,,,,,,,,,,,,,,,,,,23.3161,0,,,22.503,0,13.9096,0,8.16057,0
13.9096,0,,,,,,,,,,,,,,,,,,,,,,,,,,,,,,,,,,,,,,,,,,,,,31.9939,0,,,22.9075,0,14.2282,0,8.42167,0
14.2282,0,,,,,,,,,,,,,,,,,,,,,,,,,,,,,,,,,,,,,,,,,,,,,,,,,23.3161,0,14.55,0,8.68537,0
14.55,0,,,,,,,,,,,,,,,,,,,,,,,,,,,,,,,,,,,,,,,,,,,,,,,,,31.9939,0,14.875,0,8.95171,0
14.875,0,,,,,,,,,,,,,,,,,,,,,,,,,,,,,,,,,,,,,,,,,,,,,,,,,,,15.2032,0,9.22072,0
15.2032,0,,,,,,,,,,,,,,,,,,,,,,,,,,,,,,,,,,,,,,,,,,,,,,,,,,,15.5347,0,9.49242,0
15.5347,0,,,,,,,,,,,,,,,,,,,,,,,,,,,,,,,,,,,,,,,,,,,,,,,,,,,15.8696,0,9.76683,0
15.8696,0,,,,,,,,,,,,,,,,,,,,,,,,,,,,,,,,,,,,,,,,,,,,,,,,,,,16.2078,0,10.044,0
16.2078,0,,,,,,,,,,,,,,,,,,,,,,,,,,,,,,,,,,,,,,,,,,,,,,,,,,,16.5493,0,10.3239,0
16.5493,0,,,,,,,,,,,,,,,,,,,,,,,,,,,,,,,,,,,,,,,,,,,,,,,,,,,16.8943,0,10.6066,0
16.8943,0,,,,,,,,,,,,,,,,,,,,,,,,,,,,,,,,,,,,,,,,,,,,,,,,,,,17.2427,0,10.8922,0
17.2427,0,,,,,,,,,,,,,,,,,,,,,,,,,,,,,,,,,,,,,,,,,,,,,,,,,,,17.5947,0,11.1806,0
17.5947,0,,,,,,,,,,,,,,,,,,,,,,,,,,,,,,,,,,,,,,,,,,,,,,,,,,,17.9501,0,11.4719,0
17.9501,0,,,,,,,,,,,,,,,,,,,,,,,,,,,,,,,,,,,,,,,,,,,,,,,,,,,18.3091,0,11.7661,0
18.3091,0,,,,,,,,,,,,,,,,,,,,,,,,,,,,,,,,,,,,,,,,,,,,,,,,,,,18.6717,0,12.0633,0
18.6717,0,,,,,,,,,,,,,,,,,,,,,,,,,,,,,,,,,,,,,,,,,,,,,,,,,,,19.0379,0,12.3634,0
19.0379,0,,,,,,,,,,,,,,,,,,,,,,,,,,,,,,,,,,,,,,,,,,,,,,,,,,,19.4077,0,12.6665,0
19.4077,0,,,,,,,,,,,,,,,,,,,,,,,,,,,,,,,,,,,,,,,,,,,,,,,,,,,19.7813,0,12.9727,0
19.7813,0,,,,,,,,,,,,,,,,,,,,,,,,,,,,,,,,,,,,,,,,,,,,,,,,,,,20.1586,0,13.2819,0
20.1586,0,,,,,,,,,,,,,,,,,,,,,,,,,,,,,,,,,,,,,,,,,,,,,,,,,,,20.5397,0,13.5942,0
20.5397,0,,,,,,,,,,,,,,,,,,,,,,,,,,,,,,,,,,,,,,,,,,,,,,,,,,,20.9246,0,13.9096,0
20.9246,0,,,,,,,,,,,,,,,,,,,,,,,,,,,,,,,,,,,,,,,,,,,,,,,,,,,21.3133,0,14.2282,0
21.3133,0,,,,,,,,,,,,,,,,,,,,,,,,,,,,,,,,,,,,,,,,,,,,,,,,,,,21.7059,0,14.55,0
21.7059,0,,,,,,,,,,,,,,,,,,,,,,,,,,,,,,,,,,,,,,,,,,,,,,,,,,,22.1025,0,14.875,0
22.1025,0,,,,,,,,,,,,,,,,,,,,,,,,,,,,,,,,,,,,,,,,,,,,,,,,,,,22.503,0,15.2032,0
22.503,0,,,,,,,,,,,,,,,,,,,,,,,,,,,,,,,,,,,,,,,,,,,,,,,,,,,22.9075,0,15.5347,0
22.9075,0,,,,,,,,,,,,,,,,,,,,,,,,,,,,,,,,,,,,,,,,,,,,,,,,,,,23.3161,0,15.8696,0
23.3161,0,,,,,,,,,,,,,,,,,,,,,,,,,,,,,,,,,,,,,,,,,,,,,,,,,,,31.9939,0,16.2078,0
31.9939,0,,,,,,,,,,,,,,,,,,,,,,,,,,,,,,,,,,,,,,,,,,,,,,,,,,,,,16.5493,0
,,,,,,,,,,,,,,,,,,,,,,,,,,,,,,,,,,,,,,,,,,,,,,,,,,,,,,16.8943,0
,,,,,,,,,,,,,,,,,,,,,,,,,,,,,,,,,,,,,,,,,,,,,,,,,,,,,,17.2427,0
,,,,,,,,,,,,,,,,,,,,,,,,,,,,,,,,,,,,,,,,,,,,,,,,,,,,,,17.5947,0
,,,,,,,,,,,,,,,,,,,,,,,,,,,,,,,,,,,,,,,,,,,,,,,,,,,,,,17.9501,0
,,,,,,,,,,,,,,,,,,,,,,,,,,,,,,,,,,,,,,,,,,,,,,,,,,,,,,18.3091,0
,,,,,,,,,,,,,,,,,,,,,,,,,,,,,,,,,,,,,,,,,,,,,,,,,,,,,,18.6717,0
,,,,,,,,,,,,,,,,,,,,,,,,,,,,,,,,,,,,,,,,,,,,,,,,,,,,,,19.0379,0
,,,,,,,,,,,,,,,,,,,,,,,,,,,,,,,,,,,,,,,,,,,,,,,,,,,,,,19.4077,0
,,,,,,,,,,,,,,,,,,,,,,,,,,,,,,,,,,,,,,,,,,,,,,,,,,,,,,19.7813,0
,,,,,,,,,,,,,,,,,,,,,,,,,,,,,,,,,,,,,,,,,,,,,,,,,,,,,,20.1586,0
,,,,,,,,,,,,,,,,,,,,,,,,,,,,,,,,,,,,,,,,,,,,,,,,,,,,,,20.5397,0
,,,,,,,,,,,,,,,,,,,,,,,,,,,,,,,,,,,,,,,,,,,,,,,,,,,,,,20.9246,0
,,,,,,,,,,,,,,,,,,,,,,,,,,,,,,,,,,,,,,,,,,,,,,,,,,,,,,21.3133,0
,,,,,,,,,,,,,,,,,,,,,,,,,,,,,,,,,,,,,,,,,,,,,,,,,,,,,,21.7059,0
,,,,,,,,,,,,,,,,,,,,,,,,,,,,,,,,,,,,,,,,,,,,,,,,,,,,,,22.1025,0
,,,,,,,,,,,,,,,,,,,,,,,,,,,,,,,,,,,,,,,,,,,,,,,,,,,,,,22.503,0
,,,,,,,,,,,,,,,,,,,,,,,,,,,,,,,,,,,,,,,,,,,,,,,,,,,,,,22.9075,0
,,,,,,,,,,,,,,,,,,,,,,,,,,,,,,,,,,,,,,,,,,,,,,,,,,,,,,23.3161,0
,,,,,,,,,,,,,,,,,,,,,,,,,,,,,,,,,,,,,,,,,,,,,,,,,,,,,,31.9939,0
